anietog1,22,71,Wed Apr 26 2017 10:41:51 GMT-0500 (-05)
anietog1,22,71,Wed Apr 26 2017 10:11:51 GMT-0500 (-05)
anietog1,22,71,Wed Apr 26 2017 09:41:50 GMT-0500 (-05)
anietog1,22,70,Wed Apr 26 2017 09:11:45 GMT-0500 (-05)
anietog1,22,71,Wed Apr 26 2017 08:41:44 GMT-0500 (-05)
anietog1,22,71,Wed Apr 26 2017 08:11:44 GMT-0500 (-05)
anietog1,22,72,Wed Apr 26 2017 07:41:39 GMT-0500 (-05)
anietog1,22,73,Wed Apr 26 2017 07:11:34 GMT-0500 (-05)
anietog1,22,73,Wed Apr 26 2017 06:41:34 GMT-0500 (-05)
anietog1,22,75,Wed Apr 26 2017 06:11:29 GMT-0500 (-05)
anietog1,21,74,Wed Apr 26 2017 05:41:24 GMT-0500 (-05)
anietog1,21,79,Wed Apr 26 2017 05:11:24 GMT-0500 (-05)
anietog1,21,79,Wed Apr 26 2017 04:41:23 GMT-0500 (-05)
anietog1,21,78,Wed Apr 26 2017 04:11:18 GMT-0500 (-05)
anietog1,21,77,Wed Apr 26 2017 03:41:13 GMT-0500 (-05)
anietog1,21,77,Wed Apr 26 2017 03:11:13 GMT-0500 (-05)
anietog1,21,78,Wed Apr 26 2017 02:41:12 GMT-0500 (-05)
anietog1,21,76,Wed Apr 26 2017 02:11:12 GMT-0500 (-05)
anietog1,21,75,Wed Apr 26 2017 01:41:11 GMT-0500 (-05)
anietog1,21,74,Wed Apr 26 2017 01:11:11 GMT-0500 (-05)
anietog1,21,74,Wed Apr 26 2017 00:41:10 GMT-0500 (-05)
anietog1,21,75,Wed Apr 26 2017 00:11:05 GMT-0500 (-05)
anietog1,21,75,Tue Apr 25 2017 23:41:04 GMT-0500 (-05)
anietog1,21,75,Tue Apr 25 2017 23:11:04 GMT-0500 (-05)
anietog1,22,76,Tue Apr 25 2017 22:40:59 GMT-0500 (-05)
anietog1,22,76,Tue Apr 25 2017 22:10:58 GMT-0500 (-05)
anietog1,22,76,Tue Apr 25 2017 21:40:54 GMT-0500 (-05)
anietog1,22,77,Tue Apr 25 2017 21:10:49 GMT-0500 (-05)
anietog1,22,75,Tue Apr 25 2017 20:40:44 GMT-0500 (-05)
anietog1,22,76,Tue Apr 25 2017 20:10:39 GMT-0500 (-05)
anietog1,22,77,Tue Apr 25 2017 19:40:34 GMT-0500 (-05)
anietog1,23,75,Tue Apr 25 2017 19:10:29 GMT-0500 (-05)
anietog1,23,74,Tue Apr 25 2017 18:40:28 GMT-0500 (-05)
anietog1,23,74,Tue Apr 25 2017 18:10:28 GMT-0500 (-05)
anietog1,23,74,Tue Apr 25 2017 17:40:23 GMT-0500 (-05)
anietog1,23,73,Tue Apr 25 2017 17:10:18 GMT-0500 (-05)
anietog1,23,73,Tue Apr 25 2017 16:40:18 GMT-0500 (-05)
anietog1,23,73,Tue Apr 25 2017 16:10:13 GMT-0500 (-05)
